Date,Traffic,CPU_Usage,Error_Rate
2026-01-01,1049.6714153011233,32.923146289747926,0.011788936801741416
2026-01-02,986.1735698828816,37.8967733861732,0.012803922631841172
2026-01-03,1064.7688538100692,38.286427417366156,0.015415256215876385
2026-01-04,1152.3029856408025,35.9886136538919,0.015269010260174515
2026-01-05,976.5846625276664,39.19357144166995,0.003111653160214545
2026-01-06,976.586304305082,42.02025428407269,0.005310874800424386
2026-01-07,1157.9212815507392,49.43092950605265,0.0125751763360433
2026-01-08,1076.7434729152908,40.872889064159196,0.012568929754561045
2026-01-09,953.0525614065048,41.28775195361382,0.01257523843153024
2026-01-10,1054.2560043585966,39.62777042116917,0.029263657453273605
2026-01-11,953.6582307187538,30.406143923504793,0.012854452553465835
2026-01-12,953.4270246429743,39.867430622753915,0.015677828200902993
2026-01-13,1024.1962271566033,40.30115104970513,0.014770008817466013
2026-01-14,808.6719755342202,52.316210562426434,0.013256956256528991
2026-01-15,827.5082167486967,39.03819517609439,0.008423653776798273
2026-01-16,943.7712470759027,41.50773671166806,0.013794846102466337
2026-01-17,898.7168879665576,39.82644115147378,0.006135873927312141
2026-01-18,1031.4247332595273,34.15660981190234,0.008815906966299955
2026-01-19,909.1975924478788,45.7141140725751,0.0075731822608544825
2026-01-20,858.7696298664708,43.75966516343387,0.010409370696931613
2026-01-21,1946.5648768921553,83.95515973521523,0.021573292833367542
2026-01-22,1777.4223699513464,75.4530627260263,0.0006636740370412586
2026-01-23,1806.7528204687924,87.0139715546805,0.013431300951872569
2026-01-24,1657.5251813786545,72.9907446860386,0.0019364206440517407
2026-01-25,1745.5617275474817,82.93428546900135,0.007640340671052833
2026-01-26,1011.0922589709866,50.952278129049894,0.015444752984836831
2026-01-27,884.9006422577697,35.04731837434656,0.010321400095477313
2026-01-28,1037.5698018345672,37.16851135198614,0.0046112761103534695
2026-01-29,939.9361310081194,40.498256825438204,0.006423481453700159
2026-01-30,970.8306250206723,37.482621729419,0.01339798874467338
2026-01-31,939.8293387770603,32.24668284466934,0.006348166841414316
2026-02-01,1185.2278184508937,40.34281487403014,0.011082292947909874
2026-02-02,998.6502775262067,34.688481431369475,0.010227859199519069
2026-02-03,894.22890710441,42.36796215317591,0.006741998261970916
2026-02-04,1082.254491210319,35.402878828830985,0.02071972044662663
2026-02-05,877.9156350028978,47.7496720250877,0.013169595111590056
2026-02-06,1020.8863595004756,36.08373353831882,0.0
2026-02-07,804.0329876120225,38.38969241897162,0.010932271573847139
2026-02-08,867.1813951101569,44.06758608684835,0.00669106767615806
2026-02-09,1019.6861235869123,33.84567841783022,0.01426216667398112
2026-02-10,1073.846657999541,41.13729967302065,0.006037396307836497
2026-02-11,1017.1368281189971,46.53571377141214,0.009426317792665504
2026-02-12,988.435171761176,31.96258382719386,0.012524936394902287
2026-02-13,969.8896304410712,40.92316929266152,0.014328775970850608
2026-02-14,852.1478009632573,41.29941397124212,0.003998517964721119
2026-02-15,928.0155791605291,43.90911435888655,0.008327493820795258
2026-02-16,953.9361229040212,33.81524644560959,0.007625273444195219
2026-02-17,1105.7122226218917,33.39771693457862,0.006733353837131441
2026-02-18,1034.3618289568462,42.60970782808449,0.018827271201405486
2026-02-19,823.6959844637266,41.48492336616593,0.012024908554804778
2026-02-20,1032.4083969394794,41.252464251729386,0.003695580228324774
2026-02-21,961.4917719583683,41.73224104748488,0.01458930973527388
2026-02-22,932.3077999694041,36.59987639210755,0.020610780985063165
2026-02-23,1061.1676288840868,41.16126848580502,0.015162326302755734
2026-02-24,1103.0999522495952,41.46536236649341,0.002403150170229933
2026-02-25,1093.1280119116198,36.42824290986816,0.007578829635668743
2026-02-26,916.0782476777362,49.328872555723784,0.016334555745933114
2026-02-27,969.0787624148785,42.36916460455894,0.006461652671906097
2026-02-28,1033.1263431403563,34.04348251398676,0.012219097140731142
2026-03-01,1097.554512712236,43.28276804316915,0.013873170267146684
2026-03-02,952.082576215471,35.126591648863396,0.015365347642109586
2026-03-03,981.4341023336183,43.93542301871226,0.029702373219691
2026-03-04,889.3665025993972,45.79297789503702,0.023793663299654634
2026-03-05,880.3793375919329,35.89658840824145,0.044878061793328546
2026-03-06,1081.2525822394198,44.81688064622161,0.058737159243034194
2026-03-07,1135.6240028570824,42.063904634682494,0.06376108409017574
2026-03-08,992.7989878419667,44.11030079997245,0.08816205651965817
2026-03-09,1100.3532897892023,49.48396491326974,0.08284929311019683
2026-03-10,1036.1636025047635,38.77305941998565,0.09779977756651506
2026-03-11,935.4880245394876,36.23131917821255,0.11065370288643044
2026-03-12,1036.1395605508415,35.55242785187238,0.12720636644533057
2026-03-13,1153.803656646597,35.92094857517281,0.12282068924410279
2026-03-14,996.4173960890048,39.61449145292948,0.14581581876077476
2026-03-15,1156.4643655814007,41.70575987408322,0.15005116530509793
2026-03-16,738.0254895910256,41.3834539966501,0.15509245674476024
2026-03-17,1082.1902504375223,44.13591624518012,0.012310517371316354
2026-03-18,1008.7047068238171,40.065009459389536,0.01099529847786735
2026-03-19,970.0992649534132,47.26767038578659,0.006998915614206027
2026-03-20,1009.1760776535502,38.67671583381022,0.010349010424950095
2026-03-21,801.2431085399107,53.600845832948096,0.0080734320156912
2026-03-22,978.0328112162488,43.128336738825034,0.01056758672625624
2026-03-23,1035.7112571511746,35.714212217918586,0.013310653372605232
2026-03-24,1147.7894044741515,34.645537509694435,0.01793008408072676
2026-03-25,948.1729781726352,42.41236207621593,0.0038109225058657547
2026-03-26,919.1506397106813,38.88268607337075,0.020665166873281335
2026-03-27,249.8242956415463,43.57000247046046,0.00023956100238749057
2026-03-28,391.5402117702074,42.366188122867726,0.009241074524822084
2026-03-29,332.87511096596836,39.63585543671564,0.012941586032422882
2026-03-30,247.0239796232961,35.76603140965798,0.011404959338675164
2026-03-31,351.3267433113356,32.42576387657068,0.006886502400897031
2026-04-01,1009.707754934804,37.767425239664895,0.008959388748213623
2026-04-02,1096.864499053289,44.28199397161736,0.007534995326705834
2026-04-03,929.7946906122647,41.07046872065102,0.007053176215278942
2026-04-04,967.2337853402232,33.77130610644006,0.014248010485105125
2026-04-05,960.7891846867842,40.86590462925591,0.011785077429825238
2026-04-06,853.6485051867882,41.92658689864418,0.006535452023696729
2026-04-07,1029.6120277064576,35.580712818994336,0.014497999377166254
2026-04-08,1026.105527217989,40.768625529727636,0.011536497604383047
2026-04-09,1000.511345664246,40.29104359223,0.014064310594194801
2026-04-10,976.5412866624853,34.28514851084689,0.013148144209618061
